<?xml version="1.0" encoding="UTF-8"?>
<!--  This file conforms to the DTD xdc/bld/release.dtd -->
<release name="server" label="default" date="1430037740678" buildCount="1" producerId="undefined">
<package name="server"
    version="1, 0, 0"/>
<imports>
</imports>
<references>
    <package name="xdc"
        version="1, 1, 1, 1335562206665"
        providerId="xdccore">
        <file name="IPackage.xdc"/>
        <file name="IPackage.xs"/>
        <file name="om2.xs"/>
        <file name="package.xs"/>
        <file name="std.h"/>
        <file name="template.xs"/>
        <file name="xdc.tci"/>
        <file name="xmlgen.xs"/>
        <file name="xmlgen2.xs"/>
    </package>
    <package name="xdc.services.global"
        version="1, 0, 0, 1335562234325"
        providerId="xdccore">
        <file name="Clock.xs"/>
        <file name="Trace.xs"/>
        <file name="java/package.jar"/>
    </package>
    <package name="xdc.bld"
        version="1, 0, 2, 1335562213783"
        providerId="xdccore">
        <file name="BuildEnvironment.xs"/>
        <file name="Configuration.xs"/>
        <file name="Executable.xs"/>
        <file name="ITarget.xs"/>
        <file name="ITarget2.xs"/>
        <file name="ITargetFilter.xs"/>
        <file name="Library.xs"/>
        <file name="Manifest.xs"/>
        <file name="PackageContents.xs"/>
        <file name="Repository.xs"/>
        <file name="Script.xs"/>
        <file name="Utils.xs"/>
        <file name="_gen.xs"/>
        <file name="bld.js"/>
        <file name="package.xs"/>
    </package>
    <package name="ti.targets"
        version="1, 0, 3, 1335485251251"
        providerId="xdccore">
        <file name="C28_float.xs"/>
        <file name="C28_large.xs"/>
        <file name="ITarget.xs"/>
        <file name="linkUtils.xs"/>
        <file name="package.xs"/>
        <file name="select.h"/>
        <file name="std.h"/>
    </package>
    <package name="ti.targets.elf"
        version="1, 0, 0, 1335485260538"
        providerId="xdccore">
        <file name="ITarget.xs"/>
        <file name="TMS470.xs"/>
        <file name="linkUtils.xs"/>
        <file name="linkcmd.xdt"/>
        <file name="package.xs"/>
        <file name="std.h"/>
    </package>
    <package name="xdc.services.spec"
        version="1, 0, 0, 0, 1335562248070"
        providerId="xdccore">
        <file name="java/package.jar"/>
    </package>
    <package name="xdc.services.intern.cmd"
        version="1, 0, 0, 0, 1335562238049"
        providerId="xdccore">
        <file name="java/package.jar"/>
    </package>
    <package name="xdc.services.intern.xsr"
        version="1, 0, 0, 1335562239186"
        providerId="xdccore">
        <file name="java/package.jar"/>
    </package>
    <package name="xdc.shelf"
        version="1, 0, 0, 1335562255230"
        providerId="xdccore">
        <file name="java/antlr.jar"/>
        <file name="java/ecj.jar"/>
        <file name="java/js.jar"/>
        <file name="java/tar.jar"/>
    </package>
    <package name="xdc.services.intern.gen"
        version="1, 0, 0, 0, 1335562238884"
        providerId="xdccore">
        <file name="java/package.jar"/>
    </package>
    <package name="ti.sdo.ce.utils.syscbuf"
        version="1, 0, 0, 1401110076000"
        providerId="codec_engine_3_22_01_06">
        <file name=".interfaces"/>
        <file name="SysCBuf.h"/>
        <file name="SysCBuf.xdt"/>
        <file name="SysCBuf.xs"/>
        <file name="lib/release/syscbuf.ae674"/>
        <file name="package.xs"/>
        <file name="package/package.defs.h"/>
    </package>
    <package name="ti.sdo.ipc"
        version="1, 0, 0, 0, 1356931923000"
        providerId="/opt/ti/ti-ezsdk-5_05_02_00/component-sources/ipc_1_24_03_32/packages">
        <file name=".interfaces"/>
        <file name="Build.xdt"/>
        <file name="Build.xs"/>
        <file name="GateMP.h"/>
        <file name="GateMP.xs"/>
        <file name="Ipc.h"/>
        <file name="Ipc.xdt"/>
        <file name="Ipc.xs"/>
        <file name="ListMP.h"/>
        <file name="ListMP.xs"/>
        <file name="MessageQ.h"/>
        <file name="MessageQ.xs"/>
        <file name="Notify.h"/>
        <file name="Notify.xs"/>
        <file name="SharedRegion.h"/>
        <file name="SharedRegion.xs"/>
        <file name="lib/instrumented_e674/ipc/ipc.lib"/>
        <file name="linkcmd.xdt"/>
        <file name="package.xs"/>
        <file name="package/GateMP_RemoteCustom1Proxy.h"/>
        <file name="package/GateMP_RemoteCustom2Proxy.h"/>
        <file name="package/GateMP_RemoteSystemProxy.h"/>
        <file name="package/MessageQ_SetupTransportProxy.h"/>
        <file name="package/Notify_Module_GateProxy.h"/>
        <file name="package/Notify_SetupProxy.h"/>
        <file name="package/package.defs.h"/>
    </package>
    <package name="ti.sdo.ipc.family.ti81xx"
        version="1, 0, 0, 0, 1356932057000"
        providerId="/opt/ti/ti-ezsdk-5_05_02_00/component-sources/ipc_1_24_03_32/packages">
        <file name=".interfaces"/>
        <file name="InterruptDsp.h"/>
        <file name="InterruptDsp.xs"/>
        <file name="InterruptDucati.xs"/>
        <file name="InterruptHost.xs"/>
        <file name="NotifyCircSetup.xs"/>
        <file name="NotifyDriverMbx.xs"/>
        <file name="NotifyMbxSetup.xs"/>
        <file name="NotifySetup.h"/>
        <file name="NotifySetup.xs"/>
        <file name="package.xs"/>
        <file name="package/package.defs.h"/>
    </package>
    <package name="ti.sdo.ipc.gates"
        version="1, 0, 0, 0, 1356932061000"
        providerId="/opt/ti/ti-ezsdk-5_05_02_00/component-sources/ipc_1_24_03_32/packages">
        <file name=".interfaces"/>
        <file name="GateAAMonitor.xs"/>
        <file name="GateHWSem.xs"/>
        <file name="GateHWSpinlock.h"/>
        <file name="GateHWSpinlock.xs"/>
        <file name="GateMPSupportNull.h"/>
        <file name="GateMPSupportNull.xs"/>
        <file name="GatePeterson.h"/>
        <file name="GatePeterson.xs"/>
        <file name="package.xs"/>
        <file name="package/package.defs.h"/>
    </package>
    <package name="ti.sdo.ipc.heaps"
        version="1, 0, 0, 0, 1356932063000"
        providerId="/opt/ti/ti-ezsdk-5_05_02_00/component-sources/ipc_1_24_03_32/packages">
        <file name=".interfaces"/>
        <file name="HeapBufMP.h"/>
        <file name="HeapBufMP.xs"/>
        <file name="HeapMemMP.h"/>
        <file name="HeapMemMP.xs"/>
        <file name="HeapMultiBufMP.xs"/>
        <file name="package.xs"/>
        <file name="package/package.defs.h"/>
    </package>
    <package name="ti.sdo.ipc.notifyDrivers"
        version="1, 0, 0, 0, 1356932067000"
        providerId="/opt/ti/ti-ezsdk-5_05_02_00/component-sources/ipc_1_24_03_32/packages">
        <file name=".interfaces"/>
        <file name="IInterrupt.h"/>
        <file name="NotifyDriverCirc.xs"/>
        <file name="NotifyDriverShm.h"/>
        <file name="NotifyDriverShm.xs"/>
        <file name="NotifySetupNull.xs"/>
        <file name="package.xs"/>
        <file name="package/NotifyDriverShm_InterruptProxy.h"/>
        <file name="package/package.defs.h"/>
    </package>
    <package name="ti.sdo.ipc.nsremote"
        version="1, 0, 0, 0, 1356932069000"
        providerId="/opt/ti/ti-ezsdk-5_05_02_00/component-sources/ipc_1_24_03_32/packages">
        <file name=".interfaces"/>
        <file name="NameServerMessageQ.xs"/>
        <file name="NameServerRemoteNotify.h"/>
        <file name="NameServerRemoteNotify.xs"/>
        <file name="package.xs"/>
        <file name="package/package.defs.h"/>
    </package>
    <package name="ti.sdo.ipc.transports"
        version="1, 0, 0, 0, 1356932073000"
        providerId="/opt/ti/ti-ezsdk-5_05_02_00/component-sources/ipc_1_24_03_32/packages">
        <file name=".interfaces"/>
        <file name="TransportNullSetup.xs"/>
        <file name="TransportShm.h"/>
        <file name="TransportShm.xs"/>
        <file name="TransportShmCirc.xs"/>
        <file name="TransportShmCircSetup.xs"/>
        <file name="TransportShmNotify.xs"/>
        <file name="TransportShmNotifySetup.xs"/>
        <file name="TransportShmSetup.h"/>
        <file name="TransportShmSetup.xs"/>
        <file name="package.xs"/>
        <file name="package/package.defs.h"/>
    </package>
    <package name="ti.sdo.utils"
        version="1, 0, 0, 0, 1356932075000"
        providerId="/opt/ti/ti-ezsdk-5_05_02_00/component-sources/ipc_1_24_03_32/packages">
        <file name=".interfaces"/>
        <file name="Build.xdt"/>
        <file name="Build.xs"/>
        <file name="INameServerRemote.h"/>
        <file name="List.h"/>
        <file name="List.xs"/>
        <file name="MultiProc.h"/>
        <file name="MultiProc.xs"/>
        <file name="NameServer.h"/>
        <file name="NameServer.xs"/>
        <file name="NameServerRemoteNull.h"/>
        <file name="NameServerRemoteNull.xs"/>
        <file name="package.xs"/>
        <file name="package/NameServer_SetupProxy.h"/>
        <file name="package/package.defs.h"/>
    </package>
    <package name="ti.sdo.utils.loggers"
        version="1, 0, 0, 1329320693098"
        providerId="osal_1_22_01_09">
        <file name="ILoggerMFP.h"/>
        <file name="LogMFP.h"/>
        <file name="LogMFP.xs"/>
        <file name="LoggerMFPNull.h"/>
        <file name="LoggerSysTID.xs"/>
        <file name="lib/release/loggers.ae674"/>
        <file name="package.xs"/>
        <file name="package/LogMFP_Proxy.h"/>
        <file name="package/package.defs.h"/>
    </package>
    <package name="ti.sysbios"
        version="2, 0, 0, 0, 1356931790000"
        providerId="/opt/ti/ti-ezsdk-5_05_02_00/component-sources/bios_6_33_05_46/packages">
        <file name=".interfaces"/>
        <file name="BIOS.h"/>
        <file name="BIOS.xdt"/>
        <file name="BIOS.xs"/>
        <file name="BIOS__epilogue.h"/>
        <file name="BIOS__prologue.h"/>
        <file name="lib/instrumented_e674/sysbios/sysbios.lib"/>
        <file name="package.xs"/>
        <file name="package/BIOS_RtsGateProxy.h"/>
        <file name="package/package.defs.h"/>
    </package>
    <package name="ti.sysbios.family.c62"
        version="2, 0, 0, 0, 1356931838000"
        providerId="/opt/ti/ti-ezsdk-5_05_02_00/component-sources/bios_6_33_05_46/packages">
        <file name=".interfaces"/>
        <file name="IntrinsicsSupport.h"/>
        <file name="IntrinsicsSupport.xs"/>
        <file name="TaskSupport.h"/>
        <file name="TaskSupport.xs"/>
        <file name="package.xs"/>
        <file name="package/package.defs.h"/>
    </package>
    <package name="ti.sysbios.family.c64p"
        version="2, 0, 0, 0, 1356931842000"
        providerId="/opt/ti/ti-ezsdk-5_05_02_00/component-sources/bios_6_33_05_46/packages">
        <file name=".interfaces"/>
        <file name="Cache.h"/>
        <file name="Cache.xs"/>
        <file name="EventCombiner.xs"/>
        <file name="Exception.h"/>
        <file name="Exception.xs"/>
        <file name="Hwi.h"/>
        <file name="Hwi.xdt"/>
        <file name="Hwi.xs"/>
        <file name="Hwi__epilogue.h"/>
        <file name="Hwi__prologue.h"/>
        <file name="MemoryProtect.xs"/>
        <file name="Settings.xs"/>
        <file name="TimestampProvider.h"/>
        <file name="TimestampProvider.xs"/>
        <file name="package.xs"/>
        <file name="package/package.defs.h"/>
    </package>
    <package name="ti.sysbios.family.c64p.ti81xx"
        version="2, 0, 0, 0, 1356931857000"
        providerId="/opt/ti/ti-ezsdk-5_05_02_00/component-sources/bios_6_33_05_46/packages">
        <file name=".interfaces"/>
        <file name="TimerSupport.h"/>
        <file name="TimerSupport.xs"/>
        <file name="package.xs"/>
        <file name="package/package.defs.h"/>
    </package>
    <package name="ti.sysbios.gates"
        version="2, 0, 0, 0, 1356931878000"
        providerId="/opt/ti/ti-ezsdk-5_05_02_00/component-sources/bios_6_33_05_46/packages">
        <file name=".interfaces"/>
        <file name="GateAll.h"/>
        <file name="GateAll.xs"/>
        <file name="GateHwi.h"/>
        <file name="GateHwi.xs"/>
        <file name="GateMutex.h"/>
        <file name="GateMutex.xs"/>
        <file name="GateMutexPri.h"/>
        <file name="GateMutexPri.xs"/>
        <file name="GateSwi.h"/>
        <file name="GateSwi.xs"/>
        <file name="GateTask.xs"/>
        <file name="GateTest.xs"/>
        <file name="package.xs"/>
        <file name="package/package.defs.h"/>
    </package>
    <package name="ti.sysbios.hal"
        version="2, 0, 0, 0, 1356931880000"
        providerId="/opt/ti/ti-ezsdk-5_05_02_00/component-sources/bios_6_33_05_46/packages">
        <file name=".interfaces"/>
        <file name="Cache.h"/>
        <file name="Cache.xs"/>
        <file name="Hwi.h"/>
        <file name="Hwi.xdt"/>
        <file name="Hwi.xs"/>
        <file name="Hwi__epilogue.h"/>
        <file name="Hwi__prologue.h"/>
        <file name="Timer.h"/>
        <file name="Timer.xs"/>
        <file name="TimerNull.xs"/>
        <file name="package.xs"/>
        <file name="package/Cache_CacheProxy.h"/>
        <file name="package/Hwi_HwiProxy.h"/>
        <file name="package/Timer_TimerProxy.h"/>
        <file name="package/package.defs.h"/>
    </package>
    <package name="ti.sysbios.heaps"
        version="2, 0, 0, 0, 1356931887000"
        providerId="/opt/ti/ti-ezsdk-5_05_02_00/component-sources/bios_6_33_05_46/packages">
        <file name=".interfaces"/>
        <file name="HeapBuf.xs"/>
        <file name="HeapMem.h"/>
        <file name="HeapMem.xs"/>
        <file name="HeapMultiBuf.xs"/>
        <file name="HeapNull.xs"/>
        <file name="package.xs"/>
        <file name="package/HeapMem_Module_GateProxy.h"/>
        <file name="package/package.defs.h"/>
    </package>
    <package name="ti.sysbios.knl"
        version="2, 0, 0, 0, 1356931893000"
        providerId="/opt/ti/ti-ezsdk-5_05_02_00/component-sources/bios_6_33_05_46/packages">
        <file name=".interfaces"/>
        <file name="Clock.h"/>
        <file name="Clock.xdt"/>
        <file name="Clock.xs"/>
        <file name="Event.h"/>
        <file name="Event.xs"/>
        <file name="Event__epilogue.h"/>
        <file name="Event__prologue.h"/>
        <file name="Idle.h"/>
        <file name="Idle.xs"/>
        <file name="Intrinsics.h"/>
        <file name="Intrinsics.xs"/>
        <file name="Intrinsics__epilogue.h"/>
        <file name="Intrinsics__prologue.h"/>
        <file name="Mailbox.xs"/>
        <file name="Queue.h"/>
        <file name="Queue.xs"/>
        <file name="Semaphore.h"/>
        <file name="Semaphore.xs"/>
        <file name="Swi.h"/>
        <file name="Swi.xs"/>
        <file name="Task.h"/>
        <file name="Task.xs"/>
        <file name="Task__epilogue.h"/>
        <file name="Task__prologue.h"/>
        <file name="package.xs"/>
        <file name="package/Intrinsics_SupportProxy.h"/>
        <file name="package/Task_SupportProxy.h"/>
        <file name="package/package.defs.h"/>
    </package>
    <package name="ti.sysbios.syncs"
        version="2, 0, 0, 0, 1356931901000"
        providerId="/opt/ti/ti-ezsdk-5_05_02_00/component-sources/bios_6_33_05_46/packages">
        <file name=".interfaces"/>
        <file name="SyncEvent.xs"/>
        <file name="SyncSem.h"/>
        <file name="SyncSem.xs"/>
        <file name="SyncSwi.xs"/>
        <file name="package.xs"/>
        <file name="package/package.defs.h"/>
    </package>
    <package name="ti.sysbios.timers.dmtimer"
        version="2, 0, 0, 0, 1356931903000"
        providerId="/opt/ti/ti-ezsdk-5_05_02_00/component-sources/bios_6_33_05_46/packages">
        <file name=".interfaces"/>
        <file name="Timer.h"/>
        <file name="Timer.xs"/>
        <file name="TimestampProvider.xs"/>
        <file name="package.xs"/>
        <file name="package/Timer_TimerSupportProxy.h"/>
        <file name="package/package.defs.h"/>
    </package>
    <package name="ti.sysbios.utils"
        version="2, 0, 0, 0, 1356931909000"
        providerId="/opt/ti/ti-ezsdk-5_05_02_00/component-sources/bios_6_33_05_46/packages">
        <file name=".interfaces"/>
        <file name="Load.h"/>
        <file name="Load.xs"/>
        <file name="package.xs"/>
        <file name="package/package.defs.h"/>
    </package>
    <package name="ti.sysbios.xdcruntime"
        version="1, 0, 0, 1356931911000"
        providerId="/opt/ti/ti-ezsdk-5_05_02_00/component-sources/bios_6_33_05_46/packages">
        <file name=".interfaces"/>
        <file name="CacheSupport.xs"/>
        <file name="GateProcessSupport.h"/>
        <file name="GateProcessSupport.xs"/>
        <file name="GateThreadSupport.h"/>
        <file name="GateThreadSupport.xs"/>
        <file name="SemProcessSupport.h"/>
        <file name="SemProcessSupport.xs"/>
        <file name="SemThreadSupport.h"/>
        <file name="SemThreadSupport.xs"/>
        <file name="Settings.xs"/>
        <file name="ThreadSupport.h"/>
        <file name="ThreadSupport.xs"/>
        <file name="package.xs"/>
        <file name="package/package.defs.h"/>
    </package>
    <package name="xdc.runtime"
        version="2, 1, 0, 1335562230638"
        providerId="xdccore">
        <file name="Assert.h"/>
        <file name="Assert.xs"/>
        <file name="Assert__epilogue.h"/>
        <file name="Assert__prologue.h"/>
        <file name="Core.h"/>
        <file name="Defaults.h"/>
        <file name="Defaults.xs"/>
        <file name="Diags.h"/>
        <file name="Diags.xdt"/>
        <file name="Diags.xs"/>
        <file name="Diags__epilogue.h"/>
        <file name="Diags__prologue.h"/>
        <file name="Error.h"/>
        <file name="Error.xs"/>
        <file name="Error__epilogue.h"/>
        <file name="Error__prologue.h"/>
        <file name="Gate.h"/>
        <file name="Gate.xs"/>
        <file name="GateNull.h"/>
        <file name="GateNull.xs"/>
        <file name="Gate__epilogue.h"/>
        <file name="Gate__prologue.h"/>
        <file name="HeapMin.xs"/>
        <file name="HeapStd.xs"/>
        <file name="IGateProvider.h"/>
        <file name="IGateProvider.xs"/>
        <file name="IHeap.h"/>
        <file name="IInstance.h"/>
        <file name="ILogger.h"/>
        <file name="ILogger.xs"/>
        <file name="IModule.h"/>
        <file name="ISystemSupport.h"/>
        <file name="ITimestampClient.h"/>
        <file name="ITimestampProvider.h"/>
        <file name="Log.h"/>
        <file name="Log.xs"/>
        <file name="Log__epilogue.h"/>
        <file name="Log__prologue.h"/>
        <file name="LoggerBuf.xs"/>
        <file name="LoggerSys.xs"/>
        <file name="Main.h"/>
        <file name="Memory.h"/>
        <file name="Memory.xs"/>
        <file name="Registry.h"/>
        <file name="Registry.xs"/>
        <file name="Registry__epilogue.h"/>
        <file name="Registry__prologue.h"/>
        <file name="Reset.xdt"/>
        <file name="Rta.xs"/>
        <file name="Startup.h"/>
        <file name="Startup.xdt"/>
        <file name="Startup.xs"/>
        <file name="SysMin.h"/>
        <file name="SysMin.xdt"/>
        <file name="SysMin.xs"/>
        <file name="System.h"/>
        <file name="System.xdt"/>
        <file name="System.xs"/>
        <file name="Text.h"/>
        <file name="Text.xdt"/>
        <file name="Text.xs"/>
        <file name="Timestamp.h"/>
        <file name="Timestamp.xs"/>
        <file name="Types.h"/>
        <file name="Types__epilogue.h"/>
        <file name="Types__prologue.h"/>
        <file name="package.xs"/>
        <file name="package/Main_Module_GateProxy.h"/>
        <file name="package/Memory_HeapProxy.h"/>
        <file name="package/System_Module_GateProxy.h"/>
        <file name="package/System_SupportProxy.h"/>
        <file name="package/Timestamp_SupportProxy.h"/>
        <file name="package/package.defs.h"/>
        <file name="xdc.h"/>
    </package>
    <package name="xdc.runtime.knl"
        version="1, 0, 0, 1335562231133"
        providerId="xdccore">
        <file name="Cache.xs"/>
        <file name="GateH.xs"/>
        <file name="GateProcess.h"/>
        <file name="GateProcess.xs"/>
        <file name="GateThread.h"/>
        <file name="GateThread.xs"/>
        <file name="IGateProcessSupport.h"/>
        <file name="IGateThreadSupport.h"/>
        <file name="ISemProcessSupport.h"/>
        <file name="ISemThreadSupport.h"/>
        <file name="ISemaphore.h"/>
        <file name="ISync.h"/>
        <file name="IThreadSupport.h"/>
        <file name="SemProcess.h"/>
        <file name="SemProcess.xs"/>
        <file name="SemThread.h"/>
        <file name="SemThread.xs"/>
        <file name="Semaphore.xs"/>
        <file name="Sync.xs"/>
        <file name="SyncGeneric.xs"/>
        <file name="SyncNull.xs"/>
        <file name="SyncSemThread.xs"/>
        <file name="Thread.h"/>
        <file name="Thread.xs"/>
        <file name="package.xs"/>
        <file name="package/GateProcess_Proxy.h"/>
        <file name="package/GateThread_Proxy.h"/>
        <file name="package/SemProcess_Proxy.h"/>
        <file name="package/SemThread_Proxy.h"/>
        <file name="package/Thread_Proxy.h"/>
        <file name="package/package.defs.h"/>
    </package>
    <targetRoot base="/opt/ti/ti-ezsdk-5_05_02_00/dsp-devkit/cgt6x_7_3_4/"
        trgs="ti.targets.elf.C674">
        <file name="include/_lock.h"/>
        <file name="include/c6x.h"/>
        <file name="include/limits.h"/>
        <file name="include/linkage.h"/>
        <file name="include/stdarg.h"/>
        <file name="include/stddef.h"/>
        <file name="include/stdint.h"/>
        <file name="include/stdio.h"/>
        <file name="include/stdlib.h"/>
        <file name="include/string.h"/>
        <file name="include/vect.h"/>
    </targetRoot>
    <package name="ti.sdo.ce"
        version="1, 0, 6, 1401110067000"
        providerId="codec_engine_3_22_01_06">
        <file name=".interfaces"/>
        <file name="CERuntime.h"/>
        <file name="CERuntime.xdt"/>
        <file name="CERuntime.xs"/>
        <file name="Engine.h"/>
        <file name="Engine.xdt"/>
        <file name="Engine.xs"/>
        <file name="ICodec.xs"/>
        <file name="Server.h"/>
        <file name="Server.xdt"/>
        <file name="Server.xs"/>
        <file name="ServerDataSheet.html.xdt"/>
        <file name="Settings.xdt"/>
        <file name="lib/release/ce.ae674"/>
        <file name="package.xs"/>
        <file name="rms.h"/>
        <file name="skel.h"/>
        <file name="visa.h"/>
    </package>
    <package name="ti.xdais"
        version="1, 2.0, 1, 1323374077229"
        providerId="xdais_7_22_00_03">
        <file name="ialg.h"/>
        <file name="idma3.h"/>
        <file name="ires.h"/>
        <file name="ires_common.h"/>
        <file name="package.xs"/>
        <file name="xdas.h"/>
    </package>
    <package name="ti.sdo.ce.node"
        version="1, 0, 0, 1401110068000"
        providerId="codec_engine_3_22_01_06">
        <file name=".interfaces"/>
        <file name="NODE.xdt"/>
        <file name="_node.h"/>
        <file name="lib/release/node.ae674"/>
        <file name="node.h"/>
        <file name="package.xs"/>
    </package>
    <package name="ti.sdo.ce.global"
        version="1, 0, 0, 1401110061000"
        providerId="codec_engine_3_22_01_06">
        <file name=".interfaces"/>
        <file name="CESettings.h"/>
        <file name="lib/release/cesettings.ae674"/>
        <file name="package.xs"/>
    </package>
    <package name="ti.sdo.fc.global"
        version="1, 0, 0, 1401110101000"
        providerId="framework_components_3_22_01_07">
        <file name=".interfaces"/>
        <file name="FCSettings.h"/>
        <file name="Settings.xdt"/>
        <file name="lib/release/fcsettings.ae674"/>
        <file name="package.xs"/>
    </package>
    <package name="ti.sdo.ce.osal"
        version="2, 0, 2, 1401110075000"
        providerId="codec_engine_3_22_01_06">
        <file name=".interfaces"/>
        <file name="Global.h"/>
        <file name="Global.xdt"/>
        <file name="Global.xs"/>
        <file name="Loader.h"/>
        <file name="Memory.h"/>
        <file name="Queue.h"/>
        <file name="Trace.h"/>
        <file name="lib/release/osal.ae674"/>
        <file name="package.xs"/>
    </package>
    <package name="ti.sdo.ce.ipc"
        version="2, 0, 1, 1401110080000"
        providerId="codec_engine_3_22_01_06">
        <file name=".interfaces"/>
        <file name="Comm.h"/>
        <file name="Processor.h"/>
        <file name="Settings.xdt"/>
        <file name="package.xs"/>
    </package>
    <package name="ti.sdo.ce.alg"
        version="1, 0, 1, 1401110079000"
        providerId="codec_engine_3_22_01_06">
        <file name=".interfaces"/>
        <file name="Algorithm.h"/>
        <file name="Algorithm.xdt"/>
        <file name="lib/release/Algorithm_BIOS.ae674"/>
        <file name="package.xs"/>
    </package>
    <package name="ti.sdo.ce.utils.xdm"
        version="1, 0, 2, 1401110076000"
        providerId="codec_engine_3_22_01_06">
        <file name=".interfaces"/>
        <file name="XdmUtils.h"/>
        <file name="lib/release/XdmUtils.ae674"/>
        <file name="package.xs"/>
    </package>
    <package name="ti.sdo.fc.dskt2"
        version="1, 0, 4, 1401110122000"
        providerId="framework_components_3_22_01_07">
        <file name=".interfaces"/>
        <file name="DSKT2.xdt"/>
        <file name="dskt2.h"/>
        <file name="lib/release/dskt2.ae674"/>
        <file name="package.xs"/>
    </package>
    <package name="xdc.cfg"
        version="1, 0, 2, 0, 1335562215026"
        providerId="xdccore">
        <file name="Main.xs"/>
        <file name="Program.xdt"/>
        <file name="Program.xs"/>
        <file name="SourceDir.xs"/>
        <file name="global.h"/>
        <file name="package.xs"/>
    </package>
    <package name="ti.sdo.fc.rman"
        version="2, 0, 0, 1401110125000"
        providerId="framework_components_3_22_01_07">
        <file name=".interfaces"/>
        <file name="RMAN.xdt"/>
        <file name="lib/release/rman.ae674"/>
        <file name="package.xs"/>
        <file name="rman.h"/>
    </package>
    <package name="ti.ipc"
        version="1, 0, 0, 0, 1337728560461"
        providerId="/opt/ti/ti-ezsdk-5_05_02_00/component-sources/ipc_1_24_03_32/packages">
        <file name="Ipc.h"/>
        <file name="MultiProc.h"/>
    </package>
    <package name="ti.sdo.ce.osal.bios"
        version="2, 0, 1, 1401110075000"
        providerId="codec_engine_3_22_01_06">
        <file name=".interfaces"/>
        <file name="Global_BIOS.h"/>
        <file name="Settings.xdt"/>
        <file name="lib/release/osal.ae674"/>
        <file name="package.xs"/>
    </package>
    <package name="ti.sdo.ipc.interfaces"
        version="1, 0, 0, 0, 1356932065000"
        providerId="/opt/ti/ti-ezsdk-5_05_02_00/component-sources/ipc_1_24_03_32/packages">
        <file name=".interfaces"/>
        <file name="IGateMPSupport.h"/>
        <file name="IMessageQTransport.h"/>
        <file name="INotifyDriver.h"/>
        <file name="INotifySetup.h"/>
        <file name="ITransportSetup.h"/>
        <file name="package.xs"/>
        <file name="package/package.defs.h"/>
    </package>
    <package name="ti.sysbios.interfaces"
        version="2, 0, 0, 0, 1356931889000"
        providerId="/opt/ti/ti-ezsdk-5_05_02_00/component-sources/bios_6_33_05_46/packages">
        <file name=".interfaces"/>
        <file name="ICache.h"/>
        <file name="IHwi.h"/>
        <file name="IIntrinsicsSupport.h"/>
        <file name="ITaskSupport.h"/>
        <file name="ITimer.h"/>
        <file name="ITimerSupport.h"/>
        <file name="ITimestamp.h"/>
        <file name="package/package.defs.h"/>
    </package>
    <package name="ti.xdais.dm"
        version="1, 0, 7, 1323374077240"
        providerId="xdais_7_22_00_03">
        <file name="ivideo.h"/>
        <file name="xdm.h"/>
    </package>
    <package name="ti.sdo.fc.ires"
        version="1, 0, 0, 1401110114000"
        providerId="framework_components_3_22_01_07">
        <file name=".interfaces"/>
        <file name="iresman.h"/>
        <file name="package.xs"/>
    </package>
    <package name="ti.sysbios.family.arm.m3"
        version="2, 0, 0, 0, 1356931825000"
        providerId="/opt/ti/ti-ezsdk-5_05_02_00/component-sources/bios_6_33_05_46/packages">
        <file name="Hwi.h"/>
        <file name="Hwi__epilogue.h"/>
        <file name="Hwi__prologue.h"/>
        <file name="package/package.defs.h"/>
    </package>
    <package name="ti.sysbios.family.c28"
        version="2, 0, 0, 0, 1356931834000"
        providerId="/opt/ti/ti-ezsdk-5_05_02_00/component-sources/bios_6_33_05_46/packages">
        <file name="Hwi.h"/>
        <file name="Hwi__epilogue.h"/>
        <file name="Hwi__prologue.h"/>
        <file name="package/package.defs.h"/>
    </package>
    <package name="ti.sysbios.family"
        version="2, 0, 0, 0, 1337346205872"
        providerId="/opt/ti/ti-ezsdk-5_05_02_00/component-sources/bios_6_33_05_46/packages">
        <file name="Settings.xs"/>
        <file name="package.xs"/>
    </package>
    <package name="ti.sdo.ipc.family"
        version="1, 0, 0, 0, 1356932038000"
        providerId="/opt/ti/ti-ezsdk-5_05_02_00/component-sources/ipc_1_24_03_32/packages">
        <file name=".interfaces"/>
        <file name="Settings.xs"/>
        <file name="package.xs"/>
    </package>
    <package name="ti.catalog.arm.cortexa8"
        version="1, 0, 0, 1335304541230"
        providerId="xdccore">
        <file name="IAM335X.xs"/>
        <file name="IOMAP3xxx.xs"/>
        <file name="ITI811X.xs"/>
        <file name="ITI813X.xs"/>
        <file name="ITI8148.xs"/>
        <file name="ITI8168.xs"/>
    </package>
    <package name="ti.catalog.arm.cortexm3"
        version="1, 0, 0, 1335304541851"
        providerId="xdccore">
        <file name="CortexM3.xs"/>
        <file name="F28M35x.xs"/>
        <file name="ILM3Sx7xx.xs"/>
        <file name="ILM3Sx9xx.xs"/>
        <file name="ILM3SxBxx.xs"/>
        <file name="ITI811X.xs"/>
        <file name="ITI813X.xs"/>
        <file name="ITI8148.xs"/>
        <file name="ITI8168.xs"/>
        <file name="OMAP4430.xs"/>
        <file name="Stellaris.xs"/>
    </package>
    <package name="ti.catalog.c6000"
        version="1, 0, 0, 0, 1335304560839"
        providerId="xdccore">
        <file name="Arctic.xs"/>
        <file name="IAntara.xs"/>
        <file name="IDaVinci.xs"/>
        <file name="IHimalaya.xs"/>
        <file name="IOMAP2x3x.xs"/>
        <file name="IOMAP3xxx.xs"/>
        <file name="ITI811X.xs"/>
        <file name="ITI8148.xs"/>
        <file name="ITI8168.xs"/>
        <file name="ITMS320C642x.xs"/>
        <file name="ITMS320C64_128K.xs"/>
        <file name="ITMS320C64_1M.xs"/>
        <file name="ITMS320C64_256K.xs"/>
        <file name="ITMS320C64_512K.xs"/>
        <file name="ITMS320C6x0x.xs"/>
        <file name="ITMS320C6x1x.xs"/>
        <file name="ITMS320CDM6467.xs"/>
        <file name="ITMS320CDRA44x.xs"/>
        <file name="ITMS320CDRA45x.xs"/>
        <file name="ITMS320CDRx40x.xs"/>
        <file name="ITMS320CTCI6484.xs"/>
        <file name="ITMS320CTCI6486.xs"/>
        <file name="ITMS320CTCI648x.xs"/>
        <file name="ITMS320CTCI6497.xs"/>
        <file name="ITMS320DA8xx.xs"/>
        <file name="ITMS320TCI6608.xs"/>
        <file name="ITMS320TCI6616.xs"/>
        <file name="Kepler.xs"/>
        <file name="OMAP4430.xs"/>
        <file name="OMAP5430.xs"/>
        <file name="TMS320C6421.xs"/>
        <file name="TMS320C6428.xs"/>
        <file name="TMS320C6452.xs"/>
        <file name="TMS320C6454.xs"/>
        <file name="TMS320CDM6431.xs"/>
        <file name="TMS320CDM647.xs"/>
        <file name="TMS320CDM648.xs"/>
        <file name="TMS320CF761990.xs"/>
        <file name="TMS320CTNETV2685.xs"/>
        <file name="TNETV107X.xs"/>
        <file name="Vayu.xs"/>
        <file name="c6x.xs"/>
        <file name="package.xs"/>
    </package>
    <package name="ti.platforms.evmDM8148"
        version="1, 0, 0, 1335304688672"
        providerId="xdccore">
        <file name="Platform.xs"/>
    </package>
    <package name="ti.targets.rts6000"
        version="1, 0, 0, 0, 1335486759763"
        providerId="xdccore">
        <file name="lib/boot.ae674"/>
        <file name="lib/ti.targets.rts6000.ae674"/>
        <file name="package.xs"/>
    </package>
    <package name="xdc.platform"
        version="1, 0, 1, 0, 1335562219407"
        providerId="xdccore">
        <file name="ExeContext.xs"/>
        <file name="IPeripheral.xs"/>
        <file name="IPlatform.xs"/>
        <file name="Utils.xs"/>
        <file name="package.xs"/>
    </package>
    <package name="xdc.rov"
        version="1, 0, 0, 1335562226626"
        providerId="xdccore">
        <file name="Model.xs"/>
        <file name="Program.xs"/>
        <file name="StateReader.xs"/>
        <file name="StructureDecoder.xs"/>
        <file name="ViewXml.xs"/>
    </package>
    <package name="xdc.services.getset"
        version="1, 0, 0, 1335562230384"
        providerId="xdccore">
        <file name="GetSet.xs"/>
    </package>
    <package name="dsp.vrmcodec"
        version="1, 0, 0, 1417514188000"
        providerId="/opt/vrmagic/sdk-4.3.3/D3">
        <file name="VRMCODEC.xs"/>
        <file name="lib/release/vrmcodec.ae674"/>
        <file name="package.xs"/>
    </package>
    <package name="ti.sdo.ce.image1"
        version="1, 0, 1, 1401110064000"
        providerId="codec_engine_3_22_01_06">
        <file name=".interfaces"/>
        <file name="IIMGENC1_dsutils.xs"/>
        <file name="IMGDEC1Config.xdt"/>
        <file name="IMGENC1Config.xdt"/>
        <file name="lib/release/imgdec1.ae674"/>
        <file name="lib/release/imgenc1.ae674"/>
        <file name="package.xs"/>
    </package>
    <package name="ti.sdo.ce.ipc.bios"
        version="2, 0, 1, 1401110080000"
        providerId="codec_engine_3_22_01_06">
        <file name=".interfaces"/>
        <file name="Ipc.xdt"/>
        <file name="Ipc.xs"/>
        <file name="Processor.xdt"/>
        <file name="Processor.xs"/>
        <file name="lib/release/ipc_bios.ae674"/>
        <file name="package.xs"/>
    </package>
    <package name="ti.sdo.ce.ipc.dsplink.dsp"
        version="2, 0, 1, 1401110080000"
        providerId="codec_engine_3_22_01_06">
        <file name=".interfaces"/>
        <file name="Settings.xdt"/>
        <file name="package.xs"/>
    </package>
    <package name="ti.sdo.fc.ires.nullresource"
        version="1, 0, 0, 1401110114000"
        providerId="framework_components_3_22_01_07">
        <file name=".interfaces"/>
        <file name="lib/release/nullres.ae674"/>
        <file name="package.xs"/>
    </package>
    <package name="ti.sdo.fc.utils.osalsupport"
        version="1, 0, 0, 1401110101000"
        providerId="framework_components_3_22_01_07">
        <file name=".interfaces"/>
        <file name="lib/release/osal_support.ae674"/>
        <file name="package.xs"/>
    </package>
    <package name="ti.syslink.ipc.rtos"
        version="1, 0, 0, 0, 1417513625000"
        providerId="/opt/vrmagic/vrm-d3-ezsdk/component-sources/syslink_2_20_02_20/packages">
        <file name=".interfaces"/>
        <file name="Syslink.xdt"/>
        <file name="Syslink.xs"/>
        <file name="lib/release/ti.syslink.ipc.rtos.ae674"/>
        <file name="linkcmd.xdt"/>
        <file name="package.xs"/>
    </package>
    <xdcRoot base="/opt/ti/ti-ezsdk-5_05_02_00/component-sources/xdctools_3_23_03_53/">
        <file name="/packages/xdc/package.xdc"/>
        <file name="include/utils.tci"/>
        <xdcCorePkg version="16, 0, 2, 0, 1335562215118" producerId="/db/ztree/library/trees/xdc/xdc-y25x/src/packages" buildCount="364" releaseName="xdc_corevers" label="default" date="1335562215118"/>
    </xdcRoot>
</references>
<orphans>
</orphans>
</release>
